"","baseMean","log2FoldChange","lfcSE","stat","pvalue","padj"
"AADAC",281.149950935192,-6.78436821382269,1.18824979015071,-4.8679732677159,1.1274857692153e-06,0.000134372976398687
"ACACB",20934.4242554714,-5.18996150712534,0.955604406827706,-4.38461928093723,1.16188804254755e-05,0.000953051485692
"ADH1A",1129.85774853476,-8.59998323771575,1.26915279061284,-5.9882334845168,2.1213239223673e-09,6.43133310568934e-07
"ADH1B",121455.243509557,-7.89878996368326,1.44011779593402,-4.79043449304014,1.66420549338962e-06,0.000190457848551431
"ADH1C",639.461889115022,-5.74549508354042,0.954157451826377,-4.97349266041674,6.57572646225446e-07,8.5439946612195e-05
"ADRA1A",134.885667454895,-5.9925979386291,0.963551750097704,-5.18145282609144,2.20164274443034e-07,3.5697933019091e-05
"ADRB2",745.534635806452,-4.34414011933801,0.799041967410497,-4.1851870811937,2.84931335592779e-05,0.0020179911517946
"ABCD2",1515.18307558519,-6.45113849071109,0.988061674415781,-5.51700225993912,3.44831001787947e-08,7.54306904037659e-06
"ANGPT1",1271.08965962945,-3.73879005255585,0.630743600553431,-4.34216066584387,1.41088294441483e-05,0.00111841597075379
"ANK2",3490.9282083904,-3.12994660454617,0.548211898406248,-3.88526153981391,0.000102219783876794,0.00577274537638846
"AOX1",2219.04674833068,-4.20812537498984,0.585046165666246,-5.48354226257761,4.16892623388386e-08,8.67990533105385e-06
"APLP1",461.21281645092,4.01292489122301,0.593480686191849,5.07670251336377,3.84041442529829e-07,5.62425437996438e-05
"APOB",786.311864964263,-6.937966795921,1.03607113043167,-5.73123468216609,9.97022073443501e-09,2.53375565458487e-06
"AQP7",5638.39472753209,-8.18929863420616,1.06026844182259,-6.78064002532024,1.19644650936541e-11,9.57658714670006e-09
"ASPA",331.311076963058,-5.44378088702934,0.813481485830408,-5.46266997397376,4.69026080309956e-08,9.53557611039571e-06
"ATP1A2",5050.25301489267,-8.28626419842982,0.789972613702456,-9.22343898009382,2.87721091545117e-20,2.48605409149559e-16
"KIF1A",486.85875495772,5.55411782845066,1.1824907175838,3.85129266617513,0.000117495981330803,0.00640519890655394
"BMP3",206.472552960009,-5.63390271763678,1.08603485134243,-4.26680848400849,1.98289242140967e-05,0.00151621079355666
"BUB1",1267.38529933137,5.13328884072901,0.951452001763084,4.34419059823285,1.39790109243606e-05,0.00111323174093952
"BUB1B",818.37992473692,4.30918730175453,0.879048975136876,3.76450845783565,0.000166877020230557,0.00814633273052051
"C6",1609.18560299474,-6.06275967621786,1.35570966248433,-3.73439816526822,0.000188164607446182,0.00881212081647013
"CA3",925.817048303315,-4.76601796906525,1.01459115338293,-3.71185768425863,0.000205743664600555,0.00948121671456583
"CA4",703.689949509509,-9.39970053051768,0.686000379465145,-12.2444546416529,1.79882148263076e-34,3.10854340413422e-30
"CASQ2",402.70859374858,-4.37033978770206,0.903841177466661,-3.72890710417581,0.00019231202550268,0.00895780084288898
"CAV1",34051.5414263478,-3.41415002102935,0.602540320332754,-4.00661987183883,6.15938719777323e-05,0.00385653515089562
"CD36",87850.5157676665,-6.28737852460385,0.86788988405003,-6.09222278283756,1.11353568011653e-09,3.77313923295956e-07
"CDK1",1562.02927498266,3.54174885306258,0.668697343806799,3.80104523608957,0.00014408699146995,0.00740644029632338
"CDC20",1514.11708425023,5.07437319343986,1.02291043258277,3.98311823172277,6.80168957131415e-05,0.00415335680147986
"CDH2",244.946231089258,3.18537966473112,0.590380168242631,3.70164816212624,0.000214203514803619,0.0097411866824246
"CDO1",3072.63197290145,-4.62466646949126,0.941554487848594,-3.84966193276126,0.000118280964974279,0.00642771495509595
"CEBPA",6629.32748730235,-4.02784382088447,0.757081129673099,-3.99936506433844,6.35126468145151e-05,0.00393391415627826
"CES1",5781.81326884817,-4.89901852705544,0.57741806304297,-6.75250529314543,1.45313759789795e-11,1.09181177518585e-08
"CHIT1",570.601275579274,-5.84461999675424,1.20990088144332,-4.00414618342533,6.22418694291551e-05,0.00388303879279866
"CIDEA",4806.82629384398,-8.80162642844761,1.29278267698728,-6.03475477148922,1.59204269193798e-09,5.09483143692225e-07
"CKMT2",315.620655840062,-4.48977494143486,0.696610561751953,-5.00964977139909,5.45291769082337e-07,7.4198323318991e-05
"CMA1",155.286680594356,-5.47091239644187,1.04869505468042,-4.2633102697374,2.01420530921276e-05,0.00153336924883285
"CNTFR",1909.83744468076,-6.65284748666576,1.09870471970432,-5.14501065234985,2.67505631187133e-07,4.05505685310951e-05
"COL10A1",4375.94741759555,7.03381190159867,0.81468284426813,7.40633234644721,1.29840203847457e-13,3.20538366098272e-10
"COL11A1",9281.82763020736,9.66860817137228,1.12086350163439,7.7338660405412,1.04328814855656e-14,3.60581249904117e-11
"COMP",4512.9720154486,4.7293732498147,0.889586357781182,4.19225544231203,2.76194752148218e-05,0.0019641652312236
"CPA1",89.1090541511921,-8.84048262152347,1.2674112369932,-6.186218326519,6.16246447660967e-10,2.36652330267315e-07
"CPM",8707.12631331505,-4.07904842703914,0.812883863179409,-3.78780852531154,0.000151981900656,0.00770054197815671
"CRHBP",297.38247177635,-6.39848124895713,0.914852563276318,-5.90093034185072,3.61457502830643e-09,1.02399132892071e-06
"HAPLN1",411.046589800237,6.07013306425178,1.33877998897538,3.78712940587956,0.000152397740670655,0.00770054197815671
"CSN1S1",28.5058179973372,-5.39637401415493,1.05457848588419,-4.16884477827069,3.06147386539539e-05,0.00213327943015717
"CST1",439.02464147324,10.038662927831,1.38589523708078,6.52189479117473,6.94247075888786e-11,3.87009152207552e-08
"CTSG",273.827889909128,-3.91296969456538,0.74588732738175,-3.90537496432689,9.40793933278412e-05,0.00540128237906453
"AKR1C1",6314.65575923952,-4.89503109992053,0.783147376297485,-4.97356081091048,6.57341406830008e-07,8.5439946612195e-05
"AKR1C2",7138.50577063993,-5.42710788122572,0.648696679714367,-6.8246193015433,8.81587855489916e-12,7.61735986536062e-09
"CFD",10647.416866439,-6.16551539472325,0.750207384755781,-6.88544994315779,5.76051682161278e-12,5.23934164180476e-09
"DPP6",84.1924650618496,-5.07286109856223,0.788150405163779,-5.16761911416626,2.37094863339461e-07,3.75893241593506e-05
"DPT",14240.1400023798,-4.69518470392791,0.806577957384992,-4.5813112918534,4.62069442596847e-06,0.000443612335417561
"EPYC",135.935250885001,7.12788601481562,1.2578033038549,4.87189530830055,1.10532738697126e-06,0.000134128477128899
"EBF1",3926.03822905075,-3.78646658334031,0.615973144563545,-4.52368192985864,6.07730333398303e-06,0.000555671317008258
"S1PR1",3850.45374803057,-2.69636799214356,0.452155902058148,-3.75173249850757,0.000175616788194304,0.00847718915303286
"EPAS1",27288.2616505069,-2.6828797596654,0.451776566059234,-3.72502667490007,0.000195294569723038,0.0090722727402791
"EPB42",110.708339990474,-8.17236481876813,1.29676933706157,-5.53094880776595,3.18503274806076e-08,7.0564808870818e-06
"FABP4",101855.522947024,-7.31285643726625,1.20518529116102,-5.23807955802773,1.62256120054227e-07,2.69610385640106e-05
"FGF2",3226.29195655846,-4.23013149147242,0.487600774708197,-6.62454134410569,3.48328017782029e-11,2.14980588403259e-08
"FHL1",46822.3501202284,-5.89254988510209,0.709406106987842,-6.8966841938759,5.32303342722197e-12,5.23934164180476e-09
"FIGF",1224.12644016094,-5.65919705387062,1.02615064066822,-4.5404610875033,5.61313381498769e-06,0.00052432738084758
"FOXM1",2525.68884162457,5.13177568052429,0.940521874225383,4.39306707664533,1.11762625440124e-05,0.000924626151667359
"FMO2",8609.53849817211,-5.27178949401471,0.700654236062215,-6.09685815648933,1.08173423014459e-09,3.73868984622575e-07
"GFRA2",166.988573585547,-4.05520753569114,0.670849093433357,-4.55423964286037,5.25753946525208e-06,0.000496478357918149
"GHR",10543.9583382114,-4.28294385259624,0.816561352253928,-4.02044971089366,5.8087148657897e-05,0.00365019642166225
"GJB2",2326.08495167314,6.02620659666778,0.687267282703199,7.31332150265966,2.60618437523412e-13,5.0041635764912e-10
"GPC3",5356.14795883989,-3.74467256950514,0.722196996454625,-3.80044860748404,0.000144434371845436,0.00740644029632338
"GLDC",154.519835661862,4.32615386681781,0.876026384195811,3.796864942454,0.000146537572895878,0.00749205857163809
"GNAL",512.314764611758,-3.05615154785648,0.493744876329358,-4.16440077949266,3.12171343755901e-05,0.00214899505238472
"GPD1",33990.4928300953,-8.21069143233929,1.21060262829551,-5.95628265113854,2.58039894456368e-09,7.68825416569051e-07
"GPLD1",245.321454235089,-4.44410613087795,0.638181741383901,-5.39674814796391,6.7859536351952e-08,1.26094693300869e-05
"GPX3",36022.7267424404,-4.73009852295486,0.857371551252626,-4.35062082186557,1.35752628291228e-05,0.00108608387476885
"GRIA1",189.330425421561,-5.09138702720954,1.05486643516209,-3.87858300428419,0.000105066677780518,0.00585695889911334
"GRIN2D",162.810985013019,3.08688339139783,0.483639872984265,4.31495314586215,1.59636757964718e-05,0.00124827276669153
"GRM4",47.4358219195436,4.5851584145963,0.693018748961866,5.17324880454797,2.30058341651052e-07,3.68114648339984e-05
"GSN",85825.3059216386,-3.20479275533258,0.525631885585129,-4.19455671506348,2.73405739207364e-05,0.00195487498607935
"GYS2",310.01214712176,-9.38279902730894,1.94867242937903,-4.30179998491599,1.69416209516628e-05,0.00131286166666226
"HBA2",4687.2998309208,-6.55566089075912,0.77592828669872,-7.16001850428258,8.06661716793212e-13,1.16166009399196e-09
"HBB",7422.54459681472,-7.32218832039742,0.75115723702941,-8.41659776240682,3.87575587781455e-17,1.67442343311283e-13
"TLX1",318.593961697891,7.46511793653057,1.39458167704323,4.63588332111019,3.55416418175823e-06,0.000352985696695195
"HSD11B1",927.939277180656,-4.51391016606851,0.917641000522586,-3.82928635933592,0.000128515395334905,0.00677095898409296
"IGFBP6",2146.52413050321,-3.51384256541921,0.59641521277482,-4.21492026288794,2.49866453846998e-05,0.0018374222080553
"INHBA",985.39360388551,4.40324418362427,0.67153747425013,5.06783956833458,4.02356297682706e-07,5.83970962802415e-05
"ITGA7",7425.24741101504,-5.07164915112149,0.676463140417564,-6.01902588307791,1.75469813461298e-09,5.51326153895397e-07
"KCNB1",392.491205061332,-5.16800193997217,0.756792168666141,-5.50745913150548,3.64049889641963e-08,7.86393267862846e-06
"KCNG1",366.480093528173,4.75710766333511,0.975187854757788,3.85270145132014,0.000116821794403239,0.00640519890655394
"LEP",13342.7487133952,-9.18731748140511,1.11490744077391,-7.34349523734626,2.08086805414774e-13,4.49493510546588e-10
"LEPR",3703.20516550399,-3.74194192503025,0.50417562956966,-5.43846581273801,5.3741318988117e-08,1.04348734093668e-05
"LHCGR",28.1338777116633,-7.18922164045962,1.45369003124942,-4.25759378368999,2.06638983545141e-05,0.00156619661168578
"LIFR",8407.54543581591,-2.81793159118019,0.444500425980913,-4.0898309313617,4.31687741011367e-05,0.00282575600470358
"LIPE",22171.3469282574,-6.9148172044279,0.891700718143937,-6.63318654350701,3.28516194559528e-11,2.10262531784563e-08
"MAOA",12054.2436044498,-5.28266433489658,0.810936115689192,-5.28113651869712,1.28384979014291e-07,2.21862082234596e-05
"MEOX2",1216.16728419915,-3.49075664452386,0.659225362473066,-3.77830827864367,0.000157897343200887,0.0078408735283176
"MFAP2",1799.43174183865,2.84753341067332,0.421575093064891,4.38245389982974,1.17350002492539e-05,0.000956568581638477
"MME",12493.0915325449,-3.59480058850489,0.599976111782564,-4.32483983536541,1.52642724227522e-05,0.0012044835239159
"MMP1",451.312627309509,6.85632779341652,1.23370064864587,4.74696013157207,2.06496634896037e-06,0.000230223764363769
"MMP11",9462.4312373548,6.44362529079678,0.755955228137609,7.2009890112247,5.97773656430839e-13,1.03301265567813e-09
"MMP13",405.365560087505,8.14333468738055,0.789336614277969,9.04979518011435,1.43236758973424e-19,8.25091477273246e-16
"MYBL2",2975.66540597878,5.85915418489589,0.92703228298851,5.24162348395382,1.59169902649277e-07,2.6705000851283e-05
"MYH1",166.707101834421,-7.16158722914171,0.958398831947051,-6.42904292425319,1.28409866108214e-10,5.99743485463796e-08
"MYOC",905.990877684197,-8.96404751155173,1.12527393712409,-7.07742999176339,1.46852336368836e-12,1.9521194036845e-09
"NEK2",862.88842469646,5.12193795926404,0.996223126202605,4.13756502017375,3.51010998886621e-05,0.00236946135615613
"NOVA1",1038.04266173789,-4.24601848472606,0.731897025695842,-4.43507538733328,9.20400746297549e-06,0.000783519472747189
"NPR1",4449.77702968057,-4.64969316698356,0.658686878763305,-5.54086210709998,3.00986161715222e-08,6.84387086921152e-06
"NTRK2",12113.321874927,-3.9223965780029,0.536526785117504,-5.44687918490942,5.12612558396625e-08,1.01581586302482e-05
"PCDH9",568.61622930695,-4.85808471142741,0.75389302592172,-5.11754927923689,3.09531204731172e-07,4.65131195561685e-05
"PCK1",5939.33412227227,-9.02033831819001,1.19530847031206,-6.70984814162331,1.94827061482912e-11,1.40283602061925e-08
"PDE2A",2744.84041536621,-4.13845222578194,0.595180262160246,-5.27311207261934,1.34129597282565e-07,2.29494412934655e-05
"PDE3B",6275.00128265781,-5.91199962716685,1.03961425786249,-4.72482903155465,2.3030903577501e-06,0.000248748152951747
"PDK4",15412.7140345233,-3.29282044347668,0.551620960986465,-4.15651435611951,3.23139875454886e-05,0.00219849613690389
"ENPP2",7896.81225152121,-3.62036708623061,0.517560232509503,-5.06292199755222,4.12878815109397e-07,5.84832688844712e-05
"PFKFB1",723.157904650992,-6.31519949569836,1.02595808067018,-5.18071799992681,2.21033437477156e-07,3.5697933019091e-05
"PLIN1",58744.3741693506,-7.9909648381317,1.15714519141534,-6.04156236399412,1.52628990587344e-09,4.97656903082999e-07
"PLK1",1125.3688947394,4.79163281656671,0.845628525287828,4.48380429843724,7.33239141454958e-06,0.000643203330126047
"FXYD1",811.69117623317,-4.54868086558904,0.845553099268387,-4.19687523901163,2.70622912500075e-05,0.00194859772954742
"PPARG",5247.58362984949,-5.12279708540398,0.732714703047742,-5.62674267113122,1.83644369095537e-08,4.40771991991663e-06
"PPP1R1A",7368.84387548697,-5.9810778291656,0.912342860306003,-5.4596556249642,4.77059011887878e-08,9.58611254004002e-06
"PRELP",8721.0027205814,-3.4312035775498,0.656166544749731,-3.70516235093499,0.000211255376343159,0.00970894908065015
"PRKAR2B",19180.0417264491,-4.34904865669895,0.737108433791027,-4.5434952351236,5.5329056641624e-06,0.000519642080339079
"MAPK10",1159.25254714366,-3.67632129091506,0.607552379340943,-4.40508733389913,1.0574126812536e-05,0.000891100915350173
"MASP1",227.441310587002,-4.12574204550613,0.702104754769739,-4.45195966025219,8.50901538376712e-06,0.000735221474234398
"PTH1R",457.004741015093,-3.81682022680779,0.761798085137919,-3.6975942598987,0.000217652410154641,0.00987205065585917
"PTPRN",107.099154181195,6.62954989546428,0.920207327720845,6.11769731219969,9.49371747777921e-10,3.4179360777813e-07
"PYGM",597.551206118831,-6.05479861545386,0.960251289877125,-5.26403730850565,1.40925832195279e-07,2.38758755506531e-05
"RBP4",11267.6160787519,-7.98829439888274,1.06485023482892,-6.56270165541682,5.28415067340056e-11,3.0438469262345e-08
"RDH5",2461.25333711953,-5.75159171354174,0.89611668299487,-5.30242523513977,1.14274272718449e-07,2.0000601478266e-05
"RGS4",1289.8451780186,4.37742106128848,0.711860160681025,4.74450074303549,2.09021212091306e-06,0.000231544587573709
"SAA1",7310.71303470797,-4.63858592114732,0.944224713848072,-3.85351693064536,0.000116433208150222,0.00640519890655394
"SAA2",3254.7811333726,-5.85794245153928,1.09464544533261,-4.4379140956122,9.08348552431357e-06,0.000777087689830014
"SCN3A",181.974736774683,-3.40299044368343,0.368825359581364,-6.51525276464435,7.25673557910664e-11,3.91886398570443e-08
"SCN4A",971.278875223052,-5.96249485817338,0.75165393279826,-6.60210057000432,4.05372345964909e-11,2.41559983124814e-08
"SCT",11.7115147710068,6.87587200837425,1.55551818549841,3.77743703876503,0.000158450543852874,0.00784579899232528
"CCL11",30.1256807248655,5.87857122869444,1.08416291701955,4.49985067014284,6.80012155328027e-06,0.000599555615113451
"CCL20",38.1669385614871,5.78630118240218,1.25813739994849,3.80427541745292,0.000142219874930893,0.00733642286173364
"SLC2A4",2379.3375643484,-7.3135515201278,0.97301243158244,-6.48866480550498,8.66003928765337e-11,4.27583254085537e-08
"SOD3",3561.38066100009,-4.42991781121321,0.506042719584184,-6.7779214648747,1.21917086527054e-11,9.57658714670006e-09
"SOX11",779.007962233468,5.49616897167484,1.12508060474001,3.99630831136213,6.43379321442578e-05,0.00397079930494614
"SYCP1",15.4991020434378,-6.90411699343295,1.57169973594598,-3.75651713772118,0.000172294477731887,0.00836354176877734
"TACC1",14514.2874686537,-2.82502834408979,0.470518147675364,-3.87876291936134,0.000104989013385262,0.00585695889911334
"TACR1",738.211094872578,-4.06399596125703,0.821203259920348,-3.73110545317881,0.0001906413972874,0.00890398374736097
"TDO2",82.9923174078766,4.96014553258354,0.975732772603352,4.05863740952093,4.93598857910772e-05,0.00318279174013285
"TFR2",115.28547188996,4.7678390172539,0.793205260255993,4.75014375981053,2.03272089673542e-06,0.000228100323483667
"TGFBR2",20446.1463939233,-2.85715956572688,0.437140201015028,-4.24843004924874,2.15273842809045e-05,0.0016166204369386
"TGFBR3",9738.91777337112,-4.00623073427666,0.634539923669682,-4.73765419974045,2.16206331671767e-06,0.000235674292384273
"THRSP",5949.74539819535,-5.44201531051255,0.961999163328803,-4.6174835486778,3.88421463568646e-06,0.000383560646395987
"TIMP4",6425.16880284053,-7.72607408825732,1.07469615034969,-6.25858209882742,3.88493364166816e-10,1.59846519670637e-07
"CLEC3B",4653.37686450063,-5.16683528495561,0.782996363097788,-5.32165343459611,1.02828328716025e-07,1.85101702973086e-05
"TNNI3",51.9516908440539,7.89221445030958,1.43795335155722,4.79307235025788,1.64246357602386e-06,0.000189222753715122
"TNNT1",705.759059135233,7.73090649295376,1.17301016330786,5.73814848626098,9.57171805762359e-09,2.50619484475444e-06
"TNS1",58547.3762257253,-3.74929467762204,0.681787431782328,-4.0324807256051,5.51911428822381e-05,0.00350646375054396
"TNXB",18001.1121141055,-5.373692963465,0.782273315917886,-5.59100364855613,2.25760836627376e-08,5.27212569967254e-06
"TOP2A",5313.52181381856,4.4036222345385,0.879389203404724,3.87043896077041,0.000108639556998701,0.00599808365653211
"TPO",119.590423260023,-4.38425991497788,0.878659427519835,-3.85161737185308,0.000117340265885801,0.00640519890655394
"TSHR",90.2317795434519,-5.05677135087317,1.0068471741549,-4.02918283430475,5.59710750568306e-05,0.00354298955332267
"TTK",1214.56366629849,5.41052335835607,1.01277763059144,4.35487833176216,1.3314084669484e-05,0.00107514344473529
"ZBTB16",797.466622797598,-5.79744194425941,1.06489332904959,-4.50509155554679,6.63443319657323e-06,0.000587946872153753
"SLC14A2",88.6739283430557,-4.91214031392851,0.785119601684297,-4.98285905171122,6.26515883127082e-07,8.26474883688482e-05
"FZD4",19675.164497731,-4.24922736000446,0.692327976212567,-4.69319090321845,2.68976270751152e-06,0.00027878378529449
"SRPX",4086.36802378026,-3.06365512363871,0.521998088172514,-3.95337678508259,7.70559522370958e-05,0.00458053538898866
"SDPR",4264.41453264075,-4.58746440317839,0.553648367962715,-6.47968026417083,9.19171910221389e-11,4.41228049459328e-08
"RAD54L",320.168622498638,4.36018180774592,0.857742635528142,3.91747089227638,8.94828466582766e-05,0.00520657600370935
"PDE8B",696.816155096766,-4.32349289798429,0.645924598928957,-5.14532641038157,2.67056050248706e-07,4.05505685310951e-05
"HSD17B6",155.515902218699,3.65761332167861,0.432595685190092,6.14341153336006,8.0767664485202e-10,2.96967236163569e-07
"AOC3",32124.0891195427,-5.25064802771697,0.772661371222999,-5.50130779928713,3.76984419935662e-08,8.0427997048249e-06
"AKR1C3",4282.9920876188,-3.1397004466328,0.474477378585657,-4.5095942255686,6.49517411212903e-06,0.000578572700163411
"SLC4A4",962.81431216004,-5.66047885638502,0.770630272493139,-6.04761975065872,1.47001398490068e-09,4.88525224482089e-07
"MYOM1",1122.55085079275,-5.1054220386342,0.695592602380802,-5.90204959710984,3.59013193149676e-09,1.02399132892071e-06
"WISP1",528.510705495485,3.64148679374985,0.6895433308536,3.83077708906255,0.000127739191844035,0.00675064518121338
"GYG2",16229.7439068974,-5.46889443504295,0.893277207107249,-5.00280808632164,5.65011824286123e-07,7.62810104335039e-05
"PKMYT1",729.955896047097,5.72966304730039,1.03190299565622,4.58343765568067,4.57393300795555e-06,0.000441576180505474
"CCNB2",912.058721943732,4.5784373793871,0.85582117389037,4.18129100863482,2.8985860031451e-05,0.00204450876409594
"SYNGR3",98.1091890166674,4.3698994210672,0.725847769137805,4.64270824317628,3.43871767457667e-06,0.000343494104822887
"EXO1",696.540255002302,5.05652467319031,1.07857658689274,3.76099826612841,0.000169236603218969,0.00823824715556902
"SLC16A7",1205.67226949194,-4.95046484403057,0.977212031717953,-4.04258719275651,5.28646443947796e-05,0.00337104767448777
"AURKB",551.316550654997,5.35583125857702,1.0244416975624,4.25190742327403,2.11957482490591e-05,0.00159949225105673
"DLGAP2",34.8904417074478,-4.43290287979006,0.874947656583548,-3.92355228791022,8.7252817365247e-05,0.00511124046402994
"PTTG1",875.621673993093,4.48780270302047,0.871600865897498,4.00160536718724,6.29141672264317e-05,0.0039108623159711
"GPR37L1",57.4341906221157,5.40068536733453,1.03024086082202,4.27151119188117,1.94152781447012e-05,0.00149117965163814
"TRIP13",1341.66058942058,4.23458240450565,0.794172458376415,4.07289672462118,4.64320164880208e-05,0.00301651006364469
"GLP2R",27.2796121823226,-7.71526878943424,1.48249428827761,-4.5297097213347,5.90647795625008e-06,0.000542924710435945
"ADIPOQ",136397.929705801,-7.66862385723095,1.47046139480695,-4.53505537838785,5.7588373255326e-06,0.000535045525927574
"FHL5",342.806687742475,-3.67414732349298,0.519303086270082,-5.14949245285671,2.61192283113047e-07,4.03005700399694e-05
"ONECUT2",203.686456198779,4.85136609915719,1.00494625994735,3.83241000305725,0.000126894026467793,0.00672655113923292
"KIF23",1371.73213645486,4.21411103842121,0.806664538003994,3.98444568590332,6.76378245672832e-05,0.00414485548350079
"DLGAP5",1043.59502883725,5.43354837614226,1.13608669138649,3.90247364902368,9.5214606683571e-05,0.00543037497722373
"MELK",1346.27162641355,5.51874899974211,0.984235249269343,4.59112697202895,4.4085901992725e-06,0.000428004759739484
"GINS1",776.775942223488,3.43882064002689,0.644792668144839,3.78233308242124,0.000155365274006083,0.0077822240582583
"KIF14",507.337154833664,4.95955297245925,1.01428444707387,3.9037894979877,9.46981537030833e-05,0.00541880395411583
"NAALAD2",439.984872743271,-4.56013909133697,0.705671487333931,-5.04503746465283,4.5343251269705e-07,6.37054248123393e-05
"TROAP",465.13548339712,5.00496555641944,0.97017373523305,4.12809109438259,3.65787211788584e-05,0.00245006542903819
"KIF20A",1026.1792801109,4.76171433669362,0.913575801045114,4.11757221720441,3.82884567425259e-05,0.0025448570037215
"FAM13A",7126.78542640036,-4.08016692807897,0.697535545996608,-4.41578489548968,1.00644128796293e-05,0.000852564308690555
"ODZ1",179.249553982443,-4.12792748613231,0.69048090813684,-4.53007092487547,5.89638888799124e-06,0.000542924710435945
"ANGPTL7",108.86580174742,-4.85451798800103,1.03071898549161,-3.73964003987234,0.000184283959768991,0.00872496194182995
"GLYAT",941.518621325034,-8.61358627148005,1.33091634505091,-5.72055959774752,1.06173776829735e-08,2.63336610308812e-06
"NMUR1",285.209489760405,-5.04628916647985,0.796102896495153,-5.08262083242463,3.72262345599935e-07,5.49834666180553e-05
"TRDN",121.564169413205,-6.28522502892332,1.12263654537188,-4.7078683218642,2.50320709335612e-06,0.000265386023191946
"ABCA10",599.033729609813,-4.72743567615758,0.621770548010702,-5.99487333081821,2.03644113870758e-09,6.28423916392958e-07
"ABCA9",2827.57505228602,-4.94633268990115,0.798831420920344,-4.94013203105423,7.80696898076878e-07,9.84760809902666e-05
"ABCA8",5454.48669209982,-5.23732281697032,0.852811546078063,-4.96865085429139,6.74203389311137e-07,8.69470803782519e-05
"NDC80",575.402889054287,4.3969863381865,0.898788024913006,3.77951891216541,0.00015713165898815,0.0078270593173222
"SORBS1",29972.6404104702,-4.72754996152878,0.681839912233044,-5.46689903986546,4.57976724886466e-08,9.42178069376551e-06
"POSTN",49795.8448316784,3.08582421021958,0.508680281728393,4.10046208815558,4.12325984141507e-05,0.0027092795938971
"CHL1",2994.13452232077,-4.59250811519897,0.787917258303488,-4.55949920799325,5.12757502770718e-06,0.000486866066229713
"ALDH1L1",3170.19778416206,-6.67579532642882,1.0024022345572,-5.66219340975038,1.49450238473885e-08,3.63753460713691e-06
"PROKR1",17.477229916386,-6.4730221975254,1.3459890961092,-4.06617127385807,4.77918179688632e-05,0.00309322249558024
"LYVE1",4890.22977400022,-6.33733509316139,0.796208904766332,-6.70343556974883,2.03575479250458e-11,1.40719514277087e-08
"UTS2",18.4941070352502,6.95188724677722,1.35755007793957,4.38428559174092,1.16367029385459e-05,0.000953051485692
"LILRB5",832.311764901916,-4.6284499222704,0.910447234165193,-3.98534894292627,6.73810320908138e-05,0.00414381357851015
"UBE2C",2664.10452900735,6.49501894107101,1.09218806676775,5.03120214207531,4.87413902512737e-07,6.79274165267953e-05
"ADAMTS5",3809.19365464278,-3.1040790614994,0.396850983244459,-5.30193737784768,1.14580148506935e-07,2.0000601478266e-05
"FAM107A",2431.42768510289,-4.3631818007984,0.546092780773402,-6.15862710368612,7.33782786344317e-10,2.75663050669916e-07
"MMRN1",1697.20461527082,-4.29225750763729,0.756325884194133,-4.3529615691326,1.34310701839553e-05,0.00107954569232061
"TPX2",3934.23278403184,4.90131001422347,0.805591471227919,4.84278961925567,1.28028824809657e-06,0.000151538775447649
"MAST1",112.96401173616,5.45034135076503,0.939473208381634,4.73706041967,2.1684053289219e-06,0.000235674292384273
"SIK2",8542.07175752407,-3.4935012890507,0.637822072568209,-3.90939949602331,9.25258402323569e-05,0.00534762222426542
"NCAPH",794.231895959002,4.48729194536266,0.842340178117357,4.14000428325383,3.47299336723063e-05,0.00235359993643578
"ABCA5",1530.97386500956,-1.88520955597239,0.211755889134778,-4.18033028308827,2.91085995664534e-05,0.0020448199557231
"MAPK8IP2",1638.01868621219,4.45281150895101,0.639062214733847,5.40293484631855,6.55592776971078e-08,1.23144551943883e-05
"BHMT2",1123.19938010038,-3.94558984382592,0.745063576147066,-3.95347449281899,7.70244783716865e-05,0.00458053538898866
"KIF4A",1003.2197079822,5.09100470216321,1.04958133166872,3.89774911074206,9.70909270244236e-05,0.00551917207206929
"PAMR1",1639.92918829283,-3.50533645889491,0.554773195497355,-4.51596522548078,6.30290078088356e-06,0.000565802458914773
"CCDC69",6527.49295539499,-4.15801116970555,0.69916886637921,-4.51680748609412,6.27789314719743e-06,0.000565802458914773
"PCOLCE2",5675.24529667539,-5.16792797508805,0.992524269107905,-4.19932096857868,2.67716606706708e-05,0.0019357366864011
"PCSK1N",210.929786907261,5.27084403521145,1.14137383871654,3.74184503826892,0.000182674150076709,0.00869639665971241
"CDH20",63.8284445148718,-7.4722877147418,1.28759744596656,-5.02663913711266,4.99150362888289e-07,6.84588684212105e-05
"UBE2T",989.38862221512,4.29639590987588,0.865877836315024,3.8069988301174,0.00014066341046045,0.00727785747355401
"TRHDE",313.602676329245,-6.44656349097794,1.14368132120883,-4.76230868684741,1.91390614690124e-06,0.000217593500819739
"DMGDH",436.404170002009,-4.29396363816742,0.790422634268067,-4.16734477905941,3.0816821608792e-05,0.00213873692458448
"KCNIP2",9244.49758724764,-7.24059674405953,1.05407740381483,-5.92043499032811,3.21091202499911e-09,9.40470689898468e-07
"CD209",1154.27644529158,-4.16794789559356,0.801179624645027,-3.95410442071235,7.68218560033945e-05,0.00458053538898866
"G0S2",8479.85930157702,-6.47284681509,0.881497094983212,-6.20858179367481,5.34648932478089e-10,2.09983368230769e-07
"PDE11A",596.545305380466,-4.11972582603757,0.722750836608738,-4.31646103749367,1.58550651507977e-05,0.00124541536759516
"MLXIPL",1748.25722069841,-6.18685668951238,0.798925822531892,-6.49228819901528,8.45423295882667e-11,4.27583254085537e-08
"NUSAP1",1365.7349455914,3.93007376885624,0.773998682292476,3.78563146926526,0.000153318750412651,0.0077244936614607
"KLRF1",38.641566550608,-3.37534422402084,0.635024070997519,-3.74055777175433,0.000183612335037064,0.00871704604883382
"ANGPT4",45.7069437086586,-5.36606243291455,0.991363465222541,-4.40409858349426,1.06224633159039e-05,0.000891100915350173
"CES4",106.554601283627,-4.3059666553606,0.88947757211072,-3.71675099970827,0.000201801151352611,0.00934939865019966
"SNTG2",46.0011481165136,-4.7668435365653,0.999118400256147,-3.77016731510458,0.000163138140124821,0.00800906306675292
"ANLN",2318.91697967984,4.78031937720308,0.811117232827753,4.66063255002482,3.15239069654567e-06,0.000320449786041211
"ACSM5",940.007829577448,-6.26846586336516,0.826688853318492,-6.37297314729296,1.85398356621349e-10,8.43123421256194e-08
"CDCA8",972.71515289195,4.15089354312662,0.821596585622911,3.83508597560408,0.000125520379705541,0.00667420825135832
"CEP55",1015.91166485952,4.72019812507886,0.936022119093506,3.97447672356471,7.05341594943654e-05,0.00426189094483262
"TMEM100",742.03677849314,-3.81582569354929,0.720847058462043,-3.90627340500906,9.37304554833439e-05,0.00539918667069222
"NIPSNAP3B",637.793761698746,-4.05217091895782,0.812961376575265,-3.75438613309725,0.000173766815470112,0.0084113847006695
"HJURP",545.340787428203,4.73444248643941,0.913413823249515,4.08844533702582,4.3427384917901e-05,0.0028319571274198
"MCM10",897.726490733842,4.78344973804895,0.983573473525038,3.84663661626559,0.000119750371338546,0.00648716666802949
"STAB2",63.0361713810546,-4.19510727258694,0.768274408255207,-4.15880997499735,3.19909889707494e-05,0.00218512363795858
"ST6GALNAC1",132.224438195096,-4.09381081397237,0.538870949320547,-5.74128335898104,9.39617107714646e-09,2.49808049821797e-06
"BEX1",571.373082607246,4.7188283987145,0.992795880588433,3.745813687815,0.000179810007040505,0.00860747017082262
"LMO3",1186.61215922976,-4.68682581495273,0.868181868832924,-4.24660540297719,2.17033702546008e-05,0.0016166204369386
"LOC55908",101.853483560511,-6.26863146966755,1.0816151264235,-4.87107783624382,1.10991101379738e-06,0.000134128477128899
"SLC7A10",1540.28836749443,-7.7881338170309,1.44648097753516,-4.69286075825072,2.69410868260979e-06,0.00027878378529449
"CYP26B1",1099.75100903298,-3.47181080642202,0.635227975478434,-3.89121843155653,9.97420892724496e-05,0.00565128867120394
"SEMA3G",7849.34909328261,-4.76158320146886,0.754265920372478,-4.98707829675147,6.12992276924115e-07,8.14855349040433e-05
"ZNF695",202.050972013713,5.29162814674743,0.909488487240608,4.71872729226979,2.37324707758502e-06,0.000254733433215818
"KIAA1199",890.68376793482,5.8699132396466,0.783473208773411,6.21580059804575,5.10636163795208e-10,2.05216361547558e-07
"HHATL",31.7821878495331,-7.93771180423422,1.68704737532932,-4.11233964480691,3.91669508816504e-05,0.0025932723302138
"GPAM",33944.3562521231,-5.66884537410549,0.868471217808753,-5.37593564227205,7.61860035584937e-08,1.38586350262561e-05
"PAPPA2",218.154168545495,-5.84112959197654,0.979397243749712,-4.94296836433992,7.69419731793088e-07,9.77672234199732e-05
"CIDEC",15580.9293209575,-8.86300747275222,1.14081699872163,-6.89243540512047,5.48451988632971e-12,5.23934164180476e-09
"ANO3",369.064260395201,-6.57970786365923,1.0077168772208,-5.53697967136129,3.07732253581679e-08,6.90639100538311e-06
"TNMD",402.84543168172,-5.70622999357357,0.966513001775551,-4.86928782636954,1.12001169603057e-06,0.000134372976398687
"HIF3A",592.355616639542,-5.08519452654867,0.846776806474697,-4.82440531591336,1.40421604348798e-06,0.000163961198969701
"EBF2",304.128913202178,-3.47615171189409,0.66290062149062,-3.73532869274754,0.000187470162016401,0.00880345616794954
"MOSC1",5757.53204345899,-4.00900023176713,0.764473232066194,-3.93604393921616,8.2835812874998e-05,0.0048724832510812
"KREMEN2",144.05743383769,6.25534010674469,1.04489474157793,5.02954019924382,4.91657418821067e-07,6.79706548371748e-05
"LRRC2",155.43297310009,-3.92084578145571,0.771884779567497,-3.78404375727207,0.000154300677157231,0.00775136628475032
"C14orf139",2097.48116298533,-4.71133212712451,0.684415632764667,-5.42262910058432,5.87287695717192e-08,1.12348951915775e-05
"E2F8",169.946625617653,4.60463256970487,0.938227375117416,3.84196055807236,0.000122055453116824,0.00655043566867029
"SHCBP1",457.185524853632,3.684321485096,0.679035667928015,3.95313768021471,7.71330246048087e-05,0.00458053538898866
"C7orf58",4035.2311647403,-4.31469141342597,0.745744531135938,-4.44480820848521,8.79703103074732e-06,0.000756325837026589
"FRMD1",205.549084312898,-7.16844505165001,1.10099144232967,-5.60262760861952,2.11126495288537e-08,4.99791365079618e-06
"SVEP1",13960.6182665773,-4.16642646495615,0.817608881540457,-3.87278873364277,0.000107597091137383,0.00595956837161898
"SLC19A3",9691.6697862441,-7.01663093323881,1.10492898687342,-5.44526481313869,5.17283698548602e-08,1.01581586302482e-05
"ITIH5",13892.67492691,-4.92917827508265,0.620072684695799,-6.33664144875252,2.34827598350903e-10,9.89769689537061e-08
"C12orf39",542.212457025271,-11.0451784248367,1.6435757375985,-6.11178310499647,9.85240304931817e-10,3.47468116520954e-07
"FAM83D",820.935255884435,5.02834152567974,0.825985301038161,4.87701357471691,1.07704026099505e-06,0.00013200235993089
"CABLES2",1033.36702127502,2.46327638922623,0.38784805824554,3.77280834109488,0.000161420287520084,0.00794730481092469
"KIF18A",357.764069314147,3.80265030903721,0.754518533395818,3.71448835911755,0.000203615242126523,0.00940822192296376
"CDCA3",687.291253864388,4.92713646186817,0.934692459881477,4.20152791471768,2.6511954842499e-05,0.00192501299005557
"NUF2",1156.22081496461,5.81466547601081,1.0242984924018,4.70045158879544,2.59586792571899e-06,0.000273531668441158
"SLC25A18",173.164328485935,-3.38207291578607,0.635907474037892,-3.74594263008163,0.000179717662452377,0.00860747017082262
"FGFBP2",523.883718824749,-5.37653625889715,0.929447078029071,-4.70875250711183,2.49237473571063e-06,0.000265386023191946
"ZNF469",1058.496829767,2.27858054745285,0.306359391297153,4.17346614392733,3.00000258854136e-05,0.00209890869362685
"ATOH8",705.954015961973,-4.67536949801912,0.488328685061071,-7.52642556224088,5.21481865701733e-14,1.50195468686527e-10
"LGALS12",3922.71996114919,-8.15193367434541,1.28803994998005,-5.55257131151574,2.81497819633253e-08,6.48608509477634e-06
"LOC90586",36.3301517837917,-4.65905746235192,0.977620533378747,-3.7428197725204,0.0001819667450404,0.00868665005813027
"CHRDL1",15113.8879146661,-5.23966222216598,0.833208030184683,-5.0883597716002,3.61173697421664e-07,5.38055402167566e-05
"TMEM132C",3057.50762254388,-6.90548583522024,1.07645470514976,-5.48605139349422,4.11017363767572e-08,8.66194032105783e-06
"PKHD1L1",107.443851788913,-4.50499623787676,0.715942245865646,-4.89564103545652,9.79857871023546e-07,0.000120949456208271
"MYOCD",100.871950429961,-4.52839406018422,0.650837170068801,-5.42131614857097,5.91618229520021e-08,1.12348951915775e-05
"FAM54A",287.528234476117,4.7211436978799,0.967573397488282,3.84585159899972,0.00012013445988858,0.00648763625417046
"RPLP0P2",155.500127358575,3.71470696813932,0.570616415719182,4.7574988965535,1.96006328001233e-06,0.000221384663672504
"GPR146",1656.11078940925,-4.35746832587265,0.651322749420362,-5.15484577939369,2.5383975248138e-07,3.95189618255021e-05
"SLC22A12",31.8006418973712,-8.51839475767207,1.66504797735597,-4.51542229408368,6.31907149878775e-06,0.000565802458914773
"RBP7",2055.21324027919,-3.5327959691074,0.653332160630085,-3.87673548270565,0.000105867345197343,0.00588261605258935
"MRGPRX2",14.54621967005,-6.20723065489098,1.34142734809699,-3.88185812841688,0.000103661350580559,0.005835087294406
"HRASLS5",3023.96626073891,-5.41335505829183,0.883143417545875,-4.9973254293803,5.81309219639016e-07,7.78729040665258e-05
"TMC2",51.3569197472661,-4.96823173050307,0.804008209102277,-4.93556121141329,7.99206090081952e-07,0.000100080293063088
"CCDC78",92.6208975390637,3.82546212046099,0.711576100108745,3.97070969644595,7.16588528073472e-05,0.00431476179569257
"PAQR4",2549.84740572086,3.34006757145695,0.58848283401112,3.97644151403188,6.99541934305776e-05,0.00424167865499583
"HSPB6",17235.1777135703,-5.43622284075067,0.82309716665256,-5.38967089243214,7.05868293796788e-08,1.29767127501088e-05
"IQGAP3",1549.52771468026,4.86831275261332,1.00650995968201,3.84329306968351,0.000121394359539461,0.00653525210966176
"ACVR1C",6948.77791672572,-7.20719808116386,1.08277323163846,-5.7326852011026,9.88530017111373e-09,2.53375565458487e-06
"LRRC15",3868.02454216601,3.76801941401433,0.634277648719672,4.36405006482846,1.27676337332657e-05,0.00103585670678199
"COL6A6",920.065194866456,-4.88268451607015,0.804551030486358,-4.82590211055106,1.39370955496741e-06,0.000163841461356407
"WBSCR28",13.1415538670173,7.04203817829938,1.58388142711757,3.81470359766451,0.000136346486140011,0.00714001099086522
"ADHFE1",953.145354698801,-4.06825785483919,0.698451474880839,-4.39294348309975,1.11826205484913e-05,0.000924626151667359
"PNCK",99.3758555090554,4.57550573365917,0.762997981618695,4.68612738145618,2.78423014246123e-06,0.000286363972486145
"TMEM37",3383.8459734587,-4.40338073425759,0.759310235162149,-4.48220052444152,7.38772751688258e-06,0.000644784440501252
"ADAMTS14",154.320791653432,4.21902460607993,0.481147967349996,6.69030074845634,2.22712409763184e-11,1.48026659735292e-08
"E2F7",131.680970495004,3.935964666625,0.63935770124177,4.59205333872216,4.38906150822064e-06,0.000428004759739484
"A2ML1",586.618175760573,6.62449612675502,1.4377111703153,3.91211826330982,9.14900865105046e-05,0.0053055039764699
"GCOM1",2883.39715773003,-4.49396194651146,0.599068190228271,-5.83232761061826,5.46594650510098e-09,1.47589096179141e-06
"LOC145820",76.569724947926,-3.91289629633405,0.720353009178899,-4.04370670937342,5.26127277210791e-05,0.00336740943610359
"CD300LG",3567.45785280873,-7.20005470705574,1.05556517109117,-5.87368253221785,4.26219244272401e-09,1.18798302585022e-06
"KIF18B",348.598178780117,4.89622537492496,1.03391300004014,3.76842671943742,0.00016427969696896,0.008042259046234
"EME1",173.069835938765,3.51026971183378,0.671993423945189,3.73555695991235,0.000187300176349948,0.00880345616794954
"NOTUM",14.5063334060697,5.14805665712351,0.995778492297712,4.16564194668641,3.10477668605026e-05,0.00214614583646538
"CILP2",611.48707060857,4.23159578872518,0.703431999510298,4.59404148656145,4.34742889969488e-06,0.000426863175088791
"GPBAR1",183.307036880499,-4.53083391803934,0.781612906846332,-4.51736900339276,6.26127386403479e-06,0.000565802458914773
"SGOL1",178.67133804951,4.71662409752303,0.875040379189648,4.24737439084229,2.16290355490346e-05,0.0016166204369386
"SHISA3",75.1661030885325,-3.94857772755055,0.776896659864412,-3.7953281045965,0.000147448327128462,0.00751638507701164
"KLB",2421.84907538493,-6.8930025465684,1.00748648472378,-5.84921250649241,4.93905752118183e-09,1.35479131783402e-06
"BTNL9",4908.12673260866,-6.23419716109958,0.729829906274449,-7.17180416436825,7.40157718533989e-13,1.16166009399196e-09
"PEBP4",27.3445319589245,-4.1351944539278,0.744685918013687,-4.21008962045416,2.55269407769167e-05,0.00186131250449746
"CDCA2",696.626225758848,5.4139288655337,0.931112499161704,4.74048932809692,2.13202682562645e-06,0.00023467232849459
"C14orf49",706.492536639706,-4.18616787667662,0.75155645454098,-4.23942587070535,2.24092176877727e-05,0.0016594506589978
"ZNF676",76.2961429563809,-3.56483597570099,0.552178769183139,-4.64493768837809,3.40179114092755e-06,0.000341781120385866
"XIRP1",48.0048506269497,3.95100315245191,0.635213276228934,4.64568872044223,3.38943756743854e-06,0.000341781120385866
"COL22A1",870.714078846152,7.05722826944841,1.22911336560044,4.92812822557612,8.30211272716232e-07,0.000103214971250426
"C10orf128",138.466634458515,-3.30353679195751,0.593901379661084,-3.87865203019405,0.000105036874783905,0.00585695889911334
"LCTL",96.6476002502927,6.41325495620201,1.43228107539355,3.77946413535808,0.000157166227828876,0.0078270593173222
"ALG1L",90.0328762712345,4.19259910840605,0.643064371920962,4.96466488863179,6.88197957581125e-07,8.80944363330328e-05
"AQPEP",1292.40875668257,-8.24474236096672,1.03930896845526,-6.9707301494133,3.15300249418728e-12,3.63246907347003e-09
"PLAC9",1049.03146449894,-4.07821627081761,0.782092542631066,-3.93587216732956,8.2895091477222e-05,0.0048724832510812
"SKA1",337.033093293386,4.59642387201812,0.911841387881432,3.94413317909822,8.00891426020873e-05,0.0047397961414612
"HEPACAM",637.771841371337,-9.16453643760314,1.16054020307021,-7.03511728073171,1.99093468558893e-12,2.45752445011873e-09
"LRRN4CL",1212.75431941961,-4.27280173891632,0.764425421706912,-4.28138788426001,1.85731292591514e-05,0.00143286717289015
"SKA3",650.741679826701,5.12379202313925,0.983197653610963,4.19426552534367,2.73757159094498e-05,0.00195487498607935
"C7orf41",12247.8467911678,-3.91773179099025,0.663955342574088,-4.39446993479787,1.11043369938543e-05,0.000924626151667359
"EBF3",1234.81715847265,-3.88064940352659,0.691878171551926,-4.16352115440369,3.13376976564406e-05,0.00214899505238472
"ANGPTL5",74.9640133689252,-6.3332468518398,1.13838253861614,-4.68493381699536,2.80050409988765e-06,0.000286363972486145
"CNIH2",175.468420589211,5.02747934734793,0.901183360067463,4.46910087981033,7.85490805515691e-06,0.000682113900005862
"MAMDC2",1594.10485145119,-3.60022558159654,0.603470885374295,-4.30878381147383,1.64154728889711e-05,0.00127781886033473
"ASPM",1365.88167007655,4.86922780943758,1.02034421634814,3.79208089529408,0.000149390230953561,0.00759297817973086
"LOC283392",1201.11081204521,-8.99908329897599,1.39849783358727,-5.71976810179077,1.06669537188917e-08,2.63336610308812e-06
"TMEM145",57.285103932839,5.08676199453829,0.806899630454247,5.06477118131488,4.08891189740711e-07,5.83970962802415e-05
"SEC14L4",39.6429999130534,5.68216100170414,1.2199534548404,3.83798331249997,0.000124048910015187,0.006636808711989
"CCDC141",69.6273217013209,-3.98191749376082,0.652944866123091,-4.56687485953626,4.95049346601421e-06,0.000472649047437523
"IGSF10",1983.53310364598,-3.42293957940348,0.57522069587101,-4.2121912455438,2.52905275325153e-05,0.00185188816224321
"SCARA5",3133.71284520061,-6.23680419480625,1.26628749699865,-4.13555705731795,3.54094617604917e-05,0.00238097629837766
"TUSC5",10954.1613489752,-7.83488861202527,1.32444054976309,-5.16058543605287,2.46178782572506e-07,3.86746867421407e-05
"TRIM59",533.466834412887,2.80511138638336,0.483037499461639,3.73700051941147,0.000186228539142694,0.00879293821017733
"GPIHBP1",1022.84742097776,-3.86968195986459,0.775130424190899,-3.7021923927964,0.000213744432090919,0.0097411866824246
"GPR120",86.4188679537194,-4.73879550760172,0.98079843740141,-3.81199170494961,0.000137851503948393,0.00719701462154737
"C11orf53",44.4453318865253,-3.85765930514183,0.693674215881708,-4.11959856617929,3.7953304541115e-05,0.00253232067866798
"GLDN",1244.78662260015,-5.21987137384595,0.832941852212619,-5.06622564664787,4.05780878955191e-07,5.83970962802415e-05
"HSD17B13",503.417901109932,-7.11263319452193,0.879517649582817,-6.94998354771089,3.65328815045712e-12,3.94577953300309e-09
"PLCXD3",286.734959822545,-4.07768822559425,0.83096463414537,-3.70375356438555,0.000212432635901195,0.00971176820372634
"BMP8A",517.322272899784,3.3683760446419,0.617501731486337,3.8354160383343,0.0001253519242134,0.00667420825135832
"PTCHD3",100.409826945295,-9.60029598743222,1.61986205554149,-5.3092767732974,1.1006109127448e-07,1.96078940032401e-05
"C18orf34",117.799310698478,-3.63454295459647,0.655045999662829,-4.02192053069944,5.7725535281098e-05,0.00364071158829436
"CENPW",2017.14909178613,4.92550571499427,1.05965907081913,3.70449876105889,0.000211809143186454,0.00970894908065015
"SLC16A12",74.2169308695728,-3.77390757067061,0.683829015796165,-4.05643443988849,4.98275402675869e-05,0.00320100268908613
"LOC388152",740.823378315342,2.61448784810214,0.430946596759461,3.74637567680639,0.000179407853613566,0.00860747017082262
"MUSTN1",170.601604831968,-3.44198568247275,0.646776358167888,-3.77562607481529,0.000159606271000963,0.00788044562619326
"TMEM195",80.6720451873282,-4.5463541728838,0.931529648224332,-3.80702233111292,0.000140650049434885,0.00727785747355401
"FAM180B",119.353098532625,-5.20064954909751,1.02355413395447,-4.10398376573247,4.06095972583946e-05,0.00267852843596304
"C14orf180",1156.54750790892,-8.58399024032472,1.16737152587298,-6.49663802160439,8.21347631461068e-11,4.27583254085537e-08
"KLHL31",1289.07102542231,-4.34174688984316,0.839283563032071,-3.98166607453918,6.84338793763156e-05,0.0041641051743032
"PRRT4",440.691300217335,-5.37933719216698,0.932609121446461,-4.69579064954319,2.65577437929182e-06,0.000278148103324496
"TMEM215",58.6881366479423,8.01439658322983,1.45901554034879,4.80762294111891,1.52735492240178e-06,0.000177142418886075
"MAP1LC3C",296.866511724757,-5.65844862839391,0.733380133389465,-6.35202457266458,2.12499367296817e-10,9.18050391564074e-08
"LOC572558",16.9787530158465,-5.65024130327422,1.18567910994806,-3.92200660723282,8.78145835498541e-05,0.00512676965650348
"HEPN1",428.686637811684,-6.90443996025432,1.128448286985,-5.23235315995724,1.67365596015673e-07,2.75451891880652e-05
"PGA3",35.9926378433946,-5.15983346595979,1.08739730059683,-3.82549548695461,0.000130509325467488,0.00685511140852174
"UCA1",127.912227127516,6.27831022356269,1.24523295892942,4.23881345712264,2.24704273019783e-05,0.0016594506589978
"ABCC6P1",35.6026715884565,-3.42528017289546,0.636388094269932,-3.81100808568356,0.000138401239662593,0.00720395127291951
"PLIN4",91672.8683243734,-7.93708858854518,1.09181845320022,-6.35370154095853,2.1019447911724e-10,9.18050391564074e-08
